pos,joint,obb_center_x,obb_center_y,obb_center_z,obb_axis_x1,obb_axis_y1,obb_axis_z1,obb_axis_x2,obb_axis_y2,obb_axis_z2,obb_axis_x3,obb_axis_y3,obb_axis_z3,obb_half_length_x,obb_half_length_y,obb_half_length_z
0,0,0.0,0.0,0.07675,1.0,0.0,0.0,0.0,1.0,0.0,0.0,0.0,1.0,0.084,0.089,0.1535
0,1,0.0,0.0,0.23349999999999999,0.9517324310555171,-0.3069289489069994,0.0,0.3069289489069994,0.9517324310555171,0.0,0.0,0.0,1.0,0.1,0.091,0.16
0,2,0.1863842977883555,0.029637254854987437,0.3595187217834112,0.8615697003400608,0.4043417759504728,-0.3069289489069994,0.2778519192019293,0.13039820042071132,0.9517324310555171,0.42484816399714187,-0.9052646229408601,6.123233995736766e-17,0.494,0.083,0.053
0,3,0.40795010625923167,0.14627188564568744,0.3956258542332878,-0.7375441800563094,0.30692894890699945,0.601517416861649,-0.23785430922648973,-0.9517324310555171,0.1939863584367335,0.632023662569255,-1.3780393913352345e-17,0.7749490886197262,0.25,0.064,0.1
0,4,0.5262467483751112,0.1906564985404208,0.2830133233730823,-0.9351951688272516,0.2545450432225482,0.24620482768012333,0.35011888193195,0.7689626706672874,0.5348954847771237,-0.053167327531948104,0.5864326321846898,-0.8082512005509467,0.072,0.064,0.096
0,5,0.5247218077262591,0.23311153041885127,0.21137507943431705,-0.035487650167154466,0.995372182859516,0.08930198360112745,-0.7821146983917782,0.02796508481262916,-0.6225066687120391,-0.6221231592258495,-0.09193569285595689,0.7775027994380107,0.084,0.066,0.1
0,6,0.5180315444807939,0.20842805480549598,0.13143248922556533,-0.735513233097931,-0.6727357046862789,0.08029293604099967,0.6638800142137955,-0.6919843677645368,0.28358589791631883,-0.13521690229153632,0.2618860561575778,0.9555794487769769,0.092,0.116,0.11
1,0,0.0,0.0,0.07675,1.0,0.0,0.0,0.0,1.0,0.0,0.0,0.0,1.0,0.084,0.089,0.1535
1,1,0.0,0.0,0.23349999999999999,0.7812510350013033,-0.6242169657333837,0.0,0.6242169657333837,0.7812510350013033,0.0,0.0,0.0,1.0,0.1,0.091,0.16
1,2,-0.14204763927355626,-0.15061553982675135,0.25164251146369193,-0.777426850872934,-0.07720538344183414,-0.6242169657333837,-0.6211614553966678,-0.061686843320807636,0.7812510350013033,-0.0988227598849906,0.995105050800524,6.123233995736766e-17,0.494,0.083,0.053
1,3,-0.36106325908063847,-0.27056836093762116,0.2989556616691236,0.4197401587808524,0.6242169657333837,-0.658916822366247,0.33537098393757053,-0.7812510350013033,-0.5264723387245888,-0.8434124152746214,-9.413043665708692e-17,-0.537266691467682,0.25,0.064,0.1
1,4,-0.4316845352788187,-0.33971157954636283,0.4366684087344125,0.13972394644741723,0.8992856895753255,-0.41444235704641796,-0.5452938646812964,-0.2794831849786243,-0.7902808048125298,-0.8265178884513602,0.3364140274115147,0.451324475550207,0.072,0.064,0.096
1,5,-0.4709241977710241,-0.4112362980389763,0.45370665679987066,-0.9399062023971021,0.0006509433207829984,0.3414321410884611,0.3376915598921852,0.1494021666473962,0.929324164637209,-0.05040576428386269,0.9887762987015095,-0.14064384114884984,0.084,0.066,0.1
1,6,-0.5522175412736292,-0.4318803528246774,0.45687945116849404,-0.25421627853366274,0.05186993419134241,0.965755452304299,0.9656407615065433,-0.04210286608109066,0.2564473988653827,0.053962982178139385,0.9977659337714149,-0.03938448882108617,0.092,0.116,0.11
2,0,0.0,0.0,0.07675,1.0,0.0,0.0,0.0,1.0,0.0,0.0,0.0,1.0,0.084,0.089,0.1535
2,1,0.0,0.0,0.23349999999999999,-0.6829551598034355,0.7304602998780043,0.0,-0.7304602998780043,-0.6829551598034355,0.0,0.0,0.0,1.0,0.1,0.091,0.16
2,2,0.10297452183769565,0.1525997696998921,0.3688842512477535,0.6027081093891155,-0.32120193831721217,0.7304602998780043,0.6446314080854004,-0.3435441709703395,-0.6829551598034355,0.4703118992609394,0.8825002648235115,6.123233995736766e-17,0.494,0.083,0.053
2,3,0.31161550852689873,0.3127917766470628,0.4739668060477007,-0.6784842434883673,-0.7304602998780043,0.07801846986549933,-0.7256783946162093,0.6829551598034355,0.0834452951645873,-0.11423659188394464,-1.2206382685169676e-16,-0.9934535726820559,0.25,0.064,0.1
2,4,0.4166001268326013,0.44502709737802654,0.4896284337312895,-0.9355947833624332,-0.3072971275106497,0.17387028719337033,0.13657987103108726,0.13911824794910016,0.9808119350398955,-0.32558921999067036,0.9413897112839487,-0.08818770500807158,0.072,0.064,0.096
2,5,0.4089139552002631,0.5239267395530924,0.4656480792344656,-0.07582556031930765,0.9846210947687706,0.15739054653507828,-0.20817854177889455,0.13873411958249648,-0.968201703575491,-0.9751472602356406,-0.10617977114317557,0.19445739136095272,0.084,0.066,0.1
2,6,0.3962026670229283,0.5553853565501052,0.38887809884212,-0.15663120881153036,0.975829749553136,0.1523908275235196,-0.9188388864123623,-0.0873854713104788,-0.38483617322223684,-0.3622178422479058,-0.20029997326737145,0.9103176124113832,0.092,0.116,0.11
3,0,0.0,0.0,0.07675,1.0,0.0,0.0,0.0,1.0,0.0,0.0,0.0,1.0,0.084,0.089,0.1535
3,1,0.0,0.0,0.23349999999999999,0.4909160170016335,0.8712069009433132,0.0,-0.8712069009433132,0.4909160170016335,0.0,0.0,0.0,1.0,0.1,0.091,0.16
3,2,-0.11373817559611626,0.14277285941518916,0.37178245349998995,-0.42948143431436986,0.23779031378090174,0.8712069009433132,0.7621816694574589,-0.4219959324380898,0.4909160170016335,0.4843808422329609,0.8748572453135925,6.123233995736766e-17,0.494,0.083,0.053
3,3,-0.16653396233327042,0.3240585593393862,0.3907775746110469,0.03304338596981461,-0.8712069009433132,0.489802685162503,-0.058640632797565075,-0.49091601700163356,-0.8692311202645434,0.9977321338058383,-6.535386741414949e-17,-0.06730965139747053,0.25,0.064,0.1
3,4,-0.18115254486313837,0.3232639711739159,0.22185106865232135,-0.45529173111548094,-0.8149653234182395,-0.3585260955686113,-0.701711508848906,0.5763048875951287,-0.41889573271037006,0.5480058374934159,0.06086212418056511,-0.8342573966788482,0.072,0.064,0.096
3,5,-0.22727004258706746,0.2809534580367763,0.1669615668148686,-0.7526570572551603,-0.43655347557313073,0.4928776898268194,0.6542800461260033,-0.41216711429779407,0.63406300249485,-0.07365443235377807,0.7997120312065146,0.5958487154791839,0.084,0.066,0.1
3,6,-0.3027679646646223,0.2962333246075133,0.13362328912262625,0.39015381108890346,0.19784469444096603,0.8992427261726197,-0.09994377317959866,0.9799711447315824,-0.17224342569775242,-0.9153093716855679,-0.02267228208701351,0.40211282214017724,0.092,0.116,0.11
4,0,0.0,0.0,0.07675,1.0,0.0,0.0,0.0,1.0,0.0,0.0,0.0,1.0,0.084,0.089,0.1535
4,1,0.0,0.0,0.23349999999999999,-0.22517065921848978,-0.9743193389372453,0.0,0.9743193389372453,-0.22517065921848978,0.0,0.0,0.0,1.0,0.1,0.091,0.16
4,2,0.07037777252679774,-0.1757352620520111,0.3582617343071498,0.20447821212435738,-0.09428937659840353,-0.9743193389372453,-0.8847825784919772,0.40799260167826457,-0.22517065921848978,0.4187462830444166,0.9081032707993543,6.123233995736766e-17,0.494,0.083,0.053
4,3,0.053091180058284365,-0.291901989743736,0.4687812511838354,0.21380520209475887,0.9743193389372453,0.0706339955694747,-0.9251407083379182,0.22517065921848975,-0.3056351485073761,-0.313690939195308,-3.090693684455091e-18,0.9495251416717546,0.25,0.064,0.1
4,4,0.0306853446004931,-0.13203146281018108,0.520700630470187,0.9113076522074024,-0.16757723910684985,0.3760800871643669,-0.32132841107910026,0.28162168254700626,0.904122381181206,-0.2574226393727112,-0.9447788613494266,0.20279666635738422,0.072,0.064,0.096
4,5,0.08484777783161951,-0.07203995900797684,0.538920868263512,0.40642342512272034,-0.6258387080361241,-0.6656920542076431,-0.47407243473854954,0.4783920835494149,-0.7391862695006677,0.7810731887170244,0.6160088683784715,-0.10226313092456585,0.084,0.066,0.1
4,6,0.14454894412928337,-0.06985408704771309,0.5978771573801546,-0.39374608560408253,-0.5780014267219291,-0.714757560840651,-0.8048580046072937,0.5923945179688697,-0.035669700026727855,0.44403559822499467,0.5612335394359868,-0.6984620975551404,0.092,0.116,0.11
5,0,0.0,0.0,0.07675,1.0,0.0,0.0,0.0,1.0,0.0,0.0,0.0,1.0,0.084,0.089,0.1535
5,1,0.0,0.0,0.23349999999999999,0.539217370266478,-0.8421666269823946,0.0,0.8421666269823946,0.539217370266478,0.0,0.0,0.0,1.0,0.1,0.091,0.16
5,2,0.12525121498498193,0.14183963178254413,0.3584329335414349,0.48945816894413835,0.22624339382830005,-0.8421666269823946,0.7644511433022914,0.3533540393241931,0.539217370266478,0.41957734728851925,-0.9077195875612298,6.123233995736766e-17,0.494,0.083,0.053
5,3,0.19103972044110845,0.32433539167538256,0.5239270825026353,-0.026902549397065836,0.8421666269823946,-0.538545843204675,-0.04201724672140561,-0.539217370266478,-0.8411178149230085,-0.9987546264292801,-5.817734555021991e-17,0.049891844885803116,0.25,0.064,0.1
5,4,0.20378105389400336,0.3201014939662103,0.6929525602960893,0.4045445703866163,0.8583483262027058,0.3155659067068576,-0.7277216150448866,0.5111231849804727,-0.45735581418834004,-0.5538636488948971,-0.04462331991717519,0.8314107394978726,0.072,0.064,0.096
5,5,0.2467905974446606,0.2715385524992606,0.7446632530529795,0.8958312399237152,0.09029542507043636,-0.43512426476592647,0.39238671334380376,-0.6203576249109413,0.6791090371995525,-0.2086122162482014,-0.7791040709855168,-0.59116646539347,0.084,0.066,0.1
5,6,0.32947039299440284,0.2665406542704759,0.7582251017868604,0.02966977253591291,0.17904106626889532,-0.9833941230183167,0.9747561595533183,0.2126263826945135,0.06812085433339848,0.22129196553542801,-0.9605906089336619,-0.1682128057489194,0.092,0.116,0.11
6,0,0.0,0.0,0.07675,1.0,0.0,0.0,0.0,1.0,0.0,0.0,0.0,1.0,0.084,0.089,0.1535
6,1,0.0,0.0,0.23349999999999999,-0.7376953589256818,0.6751337329888869,0.0,-0.6751337329888869,-0.7376953589256818,0.0,0.0,0.0,1.0,0.1,0.091,0.16
6,2,-0.02145642657890931,0.01967484606154504,0.47798427656235887,-0.009114312243842657,-0.737639052581147,0.6751337329888869,-0.008341356054853076,-0.675082201808547,-0.7376953589256818,0.9999236726328105,-0.012355116693584654,6.123233995736766e-17,0.494,0.083,0.053
6,3,0.06451263712141204,0.04006349933904602,0.6888385064501938,-0.7349704109942888,-0.6751337329888869,0.06334775089438238,-0.6726398793311915,0.7376953589256818,0.05797542714659126,-0.08587250838426949,-1.2223849584554967e-16,-0.9963061338282494,0.25,0.064,0.1
6,4,0.19347303663678495,0.14939850517836947,0.6964625132793019,0.051946752507374905,-0.3561157409861765,0.9329968456140697,-0.8393510742387902,0.49064318359678016,0.23400649684187252,-0.5411019396362635,-0.7952677822041345,-0.2734188097223575,0.072,0.064,0.096
6,5,0.2658538277240417,0.15598116563195857,0.6558095045837165,-0.29236650756224586,-0.3388224358722094,-0.8942713135315692,0.6596885487232527,-0.7484650078157155,0.06790545455874719,-0.6923386771943802,-0.5700872643947098,0.4423433813630447,0.084,0.066,0.1
6,6,0.28797679621609734,0.19846445802883145,0.5868849410946784,0.35578458506081656,0.8936623569228951,-0.2734683178214962,-0.8455835696325674,0.18320382302778893,-0.5014227617444663,-0.39800220577347073,0.4096388055922178,0.8208473019706121,0.092,0.116,0.11
7,0,0.0,0.0,0.07675,1.0,0.0,0.0,0.0,1.0,0.0,0.0,0.0,1.0,0.084,0.089,0.1535
7,1,0.0,0.0,0.23349999999999999,-0.8594835084625951,0.5111634754956854,0.0,-0.5111634754956854,-0.8594835084625951,0.0,0.0,0.0,1.0,0.1,0.091,0.16
7,2,0.16148017000158724,0.12977883091808015,0.29093699400102446,0.8558442271405928,-0.07900987399871683,0.5111634754956854,0.5089990736537132,-0.04698980421846903,-0.8594835084625951,0.09192715534477916,0.9957657345531713,6.123233995736766e-17,0.494,0.083,0.053
7,3,0.29832860077212536,0.16113710507159978,0.3493311837178529,0.7465477626557158,-0.5111634754956854,0.42588535944889794,0.44399682509932814,0.8594835084625951,0.253288211298009,-0.495513125331168,-8.045901884674332e-18,0.8686004505090579,0.25,0.064,0.1
7,4,0.16520873104348943,0.09849307262953012,0.43365945071185963,0.030341701359916318,-0.45571458378751073,-0.8896086776116572,0.9699875680170877,-0.20139490266548352,0.1362505452196645,-0.24125401354357,-0.8670434310366099,0.4359268168458813,0.072,0.064,0.096
7,5,0.09036865213372064,0.12813384658275645,0.4546135533364656,-0.4808759417638736,0.29602818289445304,0.8253033645665793,-0.2697522371990388,0.845673743465662,-0.4605102063351989,-0.8342613853935836,-0.44407570812304303,-0.32680989320428555,0.084,0.066,0.1
7,6,0.01794608157067254,0.1312686440350404,0.41230521328504555,-0.4607098913129415,0.188524309745347,0.867297515666601,-0.44693288810429144,-0.8935244494982424,-0.04318624410179711,0.7668098783774075,-0.407520113348904,0.49591326624614707,0.092,0.116,0.11
8,0,0.0,0.0,0.07675,1.0,0.0,0.0,0.0,1.0,0.0,0.0,0.0,1.0,0.084,0.089,0.1535
8,1,0.0,0.0,0.23349999999999999,0.9388998531761746,0.34419044975966084,0.0,-0.34419044975966084,0.9388998531761746,0.0,0.0,0.0,1.0,0.1,0.091,0.16
8,2,-0.20334852108144386,0.04365813754291065,0.2674893459150728,-0.9386747477592898,-0.02055850707799367,0.34419044975966084,0.34410792856805683,0.007536524554375457,0.9388998531761746,-0.021896379053044823,0.9997602455510848,6.123233995736766e-17,0.494,0.083,0.053
8,3,-0.4551159274753923,0.1817516055554441,0.2654307408780055,0.9384743398839849,-0.34419044975966084,-0.02826389346075625,-0.3440344612259295,-0.9388998531761746,0.010361235193836553,-0.03010320362192332,-1.2243692916530705e-16,-0.9995467958688562,0.25,0.064,0.1
8,4,-0.6107160492297263,0.24781330984552874,0.2729259951723557,0.8183114387121655,0.04463859737725188,-0.5730390779842309,0.5535413749521149,0.20727843994211564,0.8066148985428453,0.15478480380498677,-0.9772630372419467,0.14490900783490793,0.072,0.064,0.096
8,5,-0.6328316557354075,0.3239385961645348,0.29636250509644735,0.5282285978492665,-0.8090213006949638,0.2577965931427855,-0.02574336054616258,-0.3187302603461114,-0.9474958050184129,0.8487118638277588,0.4938578299080911,-0.18918936554807395,0.084,0.066,0.1
8,6,-0.6084539468108147,0.36705455208204796,0.3641237991575854,0.8818962042836239,0.37568347913938194,-0.2848175001151897,0.18580439942927668,-0.8322120643789577,-0.5223981288776208,-0.4332849062947638,0.4077805824261905,-0.803728303951836,0.092,0.116,0.11
9,0,0.0,0.0,0.07675,1.0,0.0,0.0,0.0,1.0,0.0,0.0,0.0,1.0,0.084,0.089,0.1535
9,1,0.0,0.0,0.23349999999999999,0.48752163653519665,-0.8731109058476154,0.0,0.8731109058476154,0.48752163653519665,0.0,0.0,0.0,1.0,0.1,0.091,0.16
9,2,-0.04855594291513486,-0.14644421488719747,0.41154716884872466,-0.35862213196463943,0.3302537093737073,-0.8731109058476154,-0.642262560328528,0.5914570631164087,0.48752163653519665,0.6774134410132269,0.7356024945135922,6.123233995736766e-17,0.494,0.083,0.053
9,3,-0.12487011093557324,-0.19491536077781899,0.5874817037479539,-0.4298564481474442,0.8731109058476154,-0.2300016958111831,-0.7698373255673091,-0.48752163653519665,-0.41191400324997013,-0.47177741165663756,-7.242702999110053e-18,0.8817176837574279,0.25,0.064,0.1
9,4,-0.043618236509156874,-0.06389344621925833,0.6578277023012189,0.19758772237413025,-0.722497324034393,0.6625380809660262,-0.27847196902723137,0.6066501603782746,0.7445998558817415,-0.9399002364257072,-0.3316220735659115,-0.0813286289737188,0.072,0.064,0.096
9,5,0.009321454313390072,-0.01216624143045817,0.6214901159062166,-0.4098874218016851,0.5964204699228642,-0.690126745247391,-0.12768617129496546,-0.786673258986026,-0.6040210470309271,-0.9031547725106702,-0.1594609878725658,0.398602120212506,0.084,0.066,0.1
9,6,0.013629058964424862,0.007611055576354733,0.5400336589171736,0.9911123798921244,-0.11867440720534894,-0.0601052035936001,0.10088519931234224,0.9650483998598167,-0.24187551030998583,0.08670886335478117,0.2336620872167031,0.9684439075203353,0.092,0.116,0.11
